retention_time,sequence,is_modified,hydrophobicity,aromaticity,cystein_count
-0.390431931056404,AAAFYVR,False,1.5390542591768677,2.208940329516634,0
-0.3903548828321756,AAAFYVR,False,1.5390542591768677,2.208940329516634,0
-0.3815713852701453,AAAFYVR,False,1.5390542591768677,2.208940329516634,0
-1.031550204860387,AAFTECCQAADK,False,0.4104982203258852,-0.0122359376994622,2
0.7598980566726515,AALHFFNFR,False,1.0268018727480532,2.7315700394498332,0
0.7695290847011935,AALHFFNFR,False,1.0268018727480532,2.7315700394498332,0
0.7790060162812786,AALHFFNFR,False,1.0268018727480532,2.7315700394498332,0
0.7790830645055068,AALHFFNFR,False,1.0268018727480532,2.7315700394498332,0
0.7621324551752731,AALHFFNFR,False,1.0268018727480532,2.7315700394498332,0
0.7712241456342168,AALHFFNFR,False,1.0268018727480532,2.7315700394498332,0
0.8178383212923598,AALHFFNFR,False,1.0268018727480532,2.7315700394498332,0
0.8183006106377299,AALHFFNFR,False,1.0268018727480532,2.7315700394498332,0
0.8183776588619586,AALHFFNFR,False,1.0268018727480532,2.7315700394498332,0
0.9167682412015437,ADIWLIR,False,1.3865085117476983,0.6410511997170363,0
0.9168452894257718,ADIWLIR,False,1.3865085117476983,0.6410511997170363,0
0.924164870727464,ADIWLIR,False,1.3865085117476983,0.6410511997170363,0
0.9320237895987536,ADIWLIR,False,1.3865085117476983,0.6410511997170363,0
0.9410384318334692,ADIWLIR,False,1.3865085117476983,0.6410511997170363,0
0.9509006045346964,ADIWLIR,False,1.3865085117476983,0.6410511997170363,0
1.0192423794252303,ADIWLIR,False,1.3865085117476983,0.6410511997170363,0
0.6915562817821176,ADVWLIR,False,1.3356599292713092,0.6410511997170363,0
0.6916333300063457,ADVWLIR,False,1.3356599292713092,0.6410511997170363,0
0.7006479722410608,ADVWLIR,False,1.3356599292713092,0.6410511997170363,0
0.7098167109242333,ADVWLIR,False,1.3356599292713092,0.6410511997170363,0
0.7192936425043185,ADVWLIR,False,1.3356599292713092,0.6410511997170363,0
0.7283853329632622,ADVWLIR,False,1.3356599292713092,0.6410511997170363,0
0.7420228686516777,ADVWLIR,False,1.3356599292713092,0.6410511997170363,0
0.7420999168759058,ADVWLIR,False,1.3356599292713092,0.6410511997170363,0
-1.8549183482540763,AEEQKKIQR,False,-2.2162077207461346,-0.9268379300825604,0
-1.8548567096746935,AEEQKKIQR,False,-2.2162077207461346,-0.9268379300825604,0
-1.3334251473870076,AEFVRTAEK,False,-0.3046776758003737,0.2926313930949042,0
-1.3234088782373237,AEFVRTAEK,False,-0.3046776758003737,0.2926313930949042,0
-1.3233318300130954,AEFVRTAEK,False,-0.3046776758003737,0.2926313930949042,0
-1.3133155608634115,AEFVRTAEK,False,-0.3046776758003737,0.2926313930949042,0
-1.2982911571388864,AEFVRTAEK,False,-0.3046776758003737,0.2926313930949042,0
-1.298214108914658,AEFVRTAEK,False,-0.3046776758003737,0.2926313930949042,0
-1.289507659576856,AEFVRTAEK,False,-0.3046776758003737,0.2926313930949042,0
-1.2894306113526277,AEFVRTAEK,False,-0.3046776758003737,0.2926313930949042,0
-1.282188078275164,AEFVRTAEK,False,-0.3046776758003737,0.2926313930949042,0
-1.2821110300509355,AEFVRTAEK,False,-0.3046776758003737,0.2926313930949042,0
-1.2731734360404483,AEFVRTAEK,False,-0.3046776758003737,0.2926313930949042,0
-1.2637735526845917,AEFVRTAEK,False,-0.3046776758003737,0.2926313930949042,0
-1.2546048140014197,AEFVRTAEK,False,-0.3046776758003737,0.2926313930949042,0
-1.2545277657771912,AEFVRTAEK,False,-0.3046776758003737,0.2926313930949042,0
-1.2435869179367678,AEFVRTAEK,False,-0.3046776758003737,0.2926313930949042,0
-1.2435098697125393,AEFVRTAEK,False,-0.3046776758003737,0.2926313930949042,0
-1.233570648787084,AEFVRTAEK,False,-0.3046776758003737,0.2926313930949042,0
-1.2334936005628554,AEFVRTAEK,False,-0.3046776758003737,0.2926313930949042,0
-1.1893449680800192,AEFVRTAEK,False,-0.3046776758003737,0.2926313930949042,0
-1.1787123131365087,AEFVRTAEK,False,-0.3046776758003737,0.2926313930949042,0
-1.0857921547171356,AEFVRTAEK,False,-0.3046776758003737,0.2926313930949042,0
-1.0857151064929071,AEFVRTAEK,False,-0.3046776758003737,0.2926313930949042,0
-1.0770086571551054,AEFVRTAEK,False,-0.3046776758003737,0.2926313930949042,0
-1.0769316089308771,AEFVRTAEK,False,-0.3046776758003737,0.2926313930949042,0
-0.6773595180827271,AEIEELQQR,False,-1.148387488741951,-0.9268379300825604,0
-0.6678055382784133,AEIEELQQR,False,-1.148387488741951,-0.9268379300825604,0
-0.6574810762318162,AEIEELQQR,False,-1.148387488741951,-0.9268379300825604,0
-0.6489287233424711,AEIEELQQR,False,-1.148387488741951,-0.9268379300825604,0
-0.6394517917623858,AEIEELQQR,False,-1.148387488741951,-0.9268379300825604,0
-0.6298207637338438,AEIEELQQR,False,-1.148387488741951,-0.9268379300825604,0
-0.6188028676691917,AEIEELQQR,False,-1.148387488741951,-0.9268379300825604,0
-0.6085554538468227,AEIEELQQR,False,-1.148387488741951,-0.9268379300825604,0
-0.4864340184449105,AEIEELQQR,False,-1.148387488741951,-0.9268379300825604,0
-0.4863569702206821,AEIEELQQR,False,-1.148387488741951,-0.9268379300825604,0
-1.3626264243695467,AETEALSK,False,-0.321156383084389,-0.9268379300825604,0
-1.353072444565233,AETEALSK,False,-0.321156383084389,-0.9268379300825604,0
-1.337431655046881,AETEALSK,False,-0.321156383084389,-0.9268379300825604,0
-1.3373546068226525,AETEALSK,False,-0.321156383084389,-0.9268379300825604,0
-1.328031771691024,AETEALSK,False,-0.321156383084389,-0.9268379300825604,0
-1.3279547234667957,AETEALSK,False,-0.321156383084389,-0.9268379300825604,0
-0.024606962420265,AFDIVQK,False,0.827174104507412,0.6410511997170363,0
-0.2281683708315284,AFDIVQK,False,0.827174104507412,0.6410511997170363,0
-0.210370231034783,AFDIVQK,False,0.827174104507412,0.6410511997170363,0
-0.2102931828105546,AFDIVQK,False,0.827174104507412,0.6410511997170363,0
0.842108511924286,AFFSVLR,False,2.1322877214014144,2.208940329516634,0
0.8500444790198042,AFFSVLR,False,2.1322877214014144,2.208940329516634,0
0.8595214105998898,AFFSVLR,False,2.1322877214014144,2.208940329516634,0
0.8683049081619205,AFFSVLR,False,2.1322877214014144,2.208940329516634,0
1.0169309326983802,AFFSVLR,False,2.1322877214014144,2.208940329516634,0
1.026947201848064,AFFSVLR,False,2.1322877214014144,2.208940329516634,0
1.036038892307008,AFFSVLR,False,2.1322877214014144,2.208940329516634,0
1.3819854190922356,AFFSVLR,False,2.1322877214014144,2.208940329516634,0
1.6699146330335273,AFFSVLR,False,2.1322877214014144,2.208940329516634,0
1.6786981305955573,AFFSVLR,False,2.1322877214014144,2.208940329516634,0
1.6925668109566576,AFFSVLR,False,2.1322877214014144,2.208940329516634,0
1.81052764225024,AFFSVLR,False,2.1322877214014144,2.208940329516634,0
1.820158670278782,AFFSVLR,False,2.1322877214014144,2.208940329516634,0
1.830406084101151,AFFSVLR,False,2.1322877214014144,2.208940329516634,0
1.0973692787927625,AFFSVLR,False,2.1322877214014144,2.208940329516634,0
1.2172563156920535,AFFSVLR,False,2.1322877214014144,2.208940329516634,0
-0.6198815428083883,AFLDEMK,True,0.3186882797435146,0.6410511997170363,0
-0.6105587076767598,AFLDEMK,True,0.3186882797435146,0.6410511997170363,0
-0.6012358725451309,AFLDEMK,True,0.3186882797435146,0.6410511997170363,0
-0.6011588243209027,AFLDEMK,True,0.3186882797435146,0.6410511997170363,0
-0.5932999054496125,AFLDEMK,True,0.3186882797435146,0.6410511997170363,0
-0.593222857225384,AFLDEMK,True,0.3186882797435146,0.6410511997170363,0
-0.5838229738695271,AFLDEMK,True,0.3186882797435146,0.6410511997170363,0
-0.5741919458409851,AFLDEMK,True,0.3186882797435146,0.6410511997170363,0
-0.3357276918542854,AFLDEMK,True,0.3186882797435146,0.6410511997170363,0
-0.325557326256145,AFLDEMK,True,0.3186882797435146,0.6410511997170363,0
0.0974374247574193,AFLDEMK,True,0.3186882797435146,0.6410511997170363,0
0.0927374830794908,AFLDEMK,False,0.3186882797435146,0.6410511997170363,0
0.1005964019507808,AFLDEMK,False,0.3186882797435146,0.6410511997170363,0
0.1095339959612678,AFLDEMK,False,0.3186882797435146,0.6410511997170363,0
0.1626972706788199,AFLDEMK,False,0.3186882797435146,0.6410511997170363,0
0.5232829600674316,AFLFVNK,False,1.776347644066686,2.208940329516634,0
0.5332992292171154,AFLFVNK,False,1.776347644066686,2.208940329516634,0
0.5421597750033742,AFLFVNK,False,1.776347644066686,2.208940329516634,0
0.5422368232276024,AFLFVNK,False,1.776347644066686,2.208940329516634,0
0.5520219477046012,AFLFVNK,False,1.776347644066686,2.208940329516634,0
0.5603431559212613,AFLFVNK,False,1.776347644066686,2.208940329516634,0
0.56042020414549,AFLFVNK,False,1.776347644066686,2.208940329516634,0
0.5706676179678583,AFLFVNK,False,1.776347644066686,2.208940329516634,0
0.5707446661920864,AFLFVNK,False,1.776347644066686,2.208940329516634,0
0.5841510572078175,AFLFVNK,False,1.776347644066686,2.208940329516634,0
0.5967099177570359,AFLFVNK,False,1.776347644066686,2.208940329516634,0
0.596786965981264,AFLFVNK,False,1.776347644066686,2.208940329516634,0
0.607727813821688,AFLFVNK,False,1.776347644066686,2.208940329516634,0
0.6078048620459161,AFLFVNK,False,1.776347644066686,2.208940329516634,0
0.6243702302550086,AFLFVNK,False,1.776347644066686,2.208940329516634,0
0.6943300178543378,AFLFVNK,False,1.776347644066686,2.208940329516634,0
0.8769343092754937,AFLFVNK,False,1.776347644066686,2.208940329516634,0
0.8854866621648387,AFLFVNK,False,1.776347644066686,2.208940329516634,0
0.8951176901933807,AFLFVNK,False,1.776347644066686,2.208940329516634,0
0.9035929948584976,AFLFVNK,False,1.776347644066686,2.208940329516634,0
0.9197731219464482,AFLFVNK,False,1.776347644066686,2.208940329516634,0
0.9331024647379506,AFLFVNK,False,1.776347644066686,2.208940329516634,0
0.9476645791171066,AFLFVNK,False,1.776347644066686,2.208940329516634,0
1.4050998863607362,AFLFVNK,False,1.776347644066686,2.208940329516634,0
1.41465386616505,AFLFVNK,False,1.776347644066686,2.208940329516634,0
1.4631171992046732,AFLFVNK,False,1.776347644066686,2.208940329516634,0
1.4725170825605305,AFLFVNK,False,1.776347644066686,2.208940329516634,0
1.4827644963828996,AFLFVNK,False,1.776347644066686,2.208940329516634,0
1.4873103416123707,AFLFVNK,False,1.776347644066686,2.208940329516634,0
1.9218623262601853,AFLFVNK,False,1.776347644066686,2.208940329516634,0
-0.7612650342673848,AFRPELR,False,-0.54573762235511,0.6410511997170363,0
-0.7526356331538113,AFRPELR,False,-0.54573762235511,0.6410511997170363,0
-0.6851413887297889,AFRPELR,False,-0.54573762235511,0.6410511997170363,0
-0.6750480713558769,AFRPELR,False,-0.54573762235511,0.6410511997170363,0
-0.6749710231316485,AFRPELR,False,-0.54573762235511,0.6410511997170363,0
-0.1485005069794292,AFVELTK,False,1.1831141818421402,0.6410511997170363,0
-0.1398711058658554,AFVELTK,False,1.1831141818421402,0.6410511997170363,0
-0.1303941742857703,AFVELTK,False,1.1831141818421402,0.6410511997170363,0
-0.1212254356025983,AFVELTK,False,1.1831141818421402,0.6410511997170363,0
-0.1211483873783699,AFVELTK,False,1.1831141818421402,0.6410511997170363,0
1.1468342387473545,AGILFFR,False,2.250934413846323,2.208940329516634,0
1.1555406880851558,AGILFFR,False,2.250934413846323,2.208940329516634,0
1.1556177363093845,AGILFFR,False,2.250934413846323,2.208940329516634,0
1.163630751629131,AGILFFR,False,2.250934413846323,2.208940329516634,0
1.1725683456396183,AGILFFR,False,2.250934413846323,2.208940329516634,0
1.181351843201649,AGILFFR,False,2.250934413846323,2.208940329516634,0
1.181428891425877,AGILFFR,False,2.250934413846323,2.208940329516634,0
1.190597630109049,AGILFFR,False,2.250934413846323,2.208940329516634,0
1.2007679957071895,AGILFFR,False,2.250934413846323,2.208940329516634,0
1.200845043931418,AGILFFR,False,2.250934413846323,2.208940329516634,0
1.21047607195996,AGILFFR,False,2.250934413846323,2.208940329516634,0
1.2186431837281635,AGILFFR,False,2.250934413846323,2.208940329516634,0
1.218720231952391,AGILFFR,False,2.250934413846323,2.208940329516634,0
1.4290618840957487,AGILFFR,False,2.250934413846323,2.208940329516634,0
1.6202185284062502,AGILFFR,False,2.250934413846323,2.208940329516634,0
2.0310396599917375,AGILFFR,False,2.250934413846323,2.208940329516634,0
2.031116708215966,AGILFFR,False,2.250934413846323,2.208940329516634,0
2.041672314935248,AGILFFR,False,2.250934413846323,2.208940329516634,0
2.0417493631594765,AGILFFR,False,2.250934413846323,2.208940329516634,0
1.2069318536454563,AGVLLLLR,False,2.8378118032613213,-0.9268379300825604,0
1.216716978122455,AGVLLLLR,False,2.8378118032613213,-0.9268379300825604,0
1.2255775239087137,AGVLLLLR,False,2.8378118032613213,-0.9268379300825604,0
1.2355167448341688,AGVLLLLR,False,2.8378118032613213,-0.9268379300825604,0
1.2450707246384831,AGVLLLLR,False,2.8378118032613213,-0.9268379300825604,0
1.31325840308056,AGVLLLLR,False,2.8378118032613213,-0.9268379300825604,0
1.3228894311091015,AGVLLLLR,False,2.8378118032613213,-0.9268379300825604,0
1.3337532307252975,AGVLLLLR,False,2.8378118032613213,-0.9268379300825604,0
-1.1589879677340549,AGYVLHR,False,0.4881835546648137,0.6410511997170363,0
-1.1495110361539695,AGYVLHR,False,0.4881835546648137,0.6410511997170363,0
-1.1408045868161674,AGYVLHR,False,0.4881835546648137,0.6410511997170363,0
-0.5540053110931611,AIELLKK,False,0.8610731594916713,-0.9268379300825604,0
-0.5445283795130759,AIELLKK,False,0.8610731594916713,-0.9268379300825604,0
-0.5341268692422504,AIELLKK,False,0.8610731594916713,-0.9268379300825604,0
-0.2695432672421448,AIELLKK,False,0.8610731594916713,-0.9268379300825604,0
-0.1290073062496602,AIIDQFGQR,False,0.1830920598064758,0.2926313930949042,0
-0.1289302580254318,AIIDQFGQR,False,0.1830920598064758,0.2926313930949042,0
-0.1191451335484332,AIIDQFGQR,False,0.1830920598064758,0.2926313930949042,0
-0.0393231732478773,AIIDQFGQR,False,0.1830920598064758,0.2926313930949042,0
-0.0303085310131617,AIIDQFGQR,False,0.1830920598064758,0.2926313930949042,0
-0.0216020816753597,AIIDQFGQR,False,0.1830920598064758,0.2926313930949042,0
-0.0215250334511316,AIIDQFGQR,False,0.1830920598064758,0.2926313930949042,0
-0.0123562947679596,AIIDQFGQR,False,0.1830920598064758,0.2926313930949042,0
-0.0026482185151895,AIIDQFGQR,False,0.1830920598064758,0.2926313930949042,0
-0.9497249907298946,AIINPSNR,False,-0.0393704885277289,-0.9268379300825604,0
-0.9496479425056662,AIINPSNR,False,-0.0393704885277289,-0.9268379300825604,0
-0.9394005286832976,AIINPSNR,False,-0.0393704885277289,-0.9268379300825604,0
-0.9393234804590692,AIINPSNR,False,-0.0393704885277289,-0.9268379300825604,0
-1.0736185352890586,AILAQGR,False,1.0136189069208408,-0.9268379300825604,0
-0.1546643649176959,AILTELK,False,1.4034580392398284,-0.9268379300825604,0
-0.1207631462572283,AILTELK,False,1.4034580392398284,-0.9268379300825604,0
0.0089860633432894,AILTELK,False,1.4034580392398284,-0.9268379300825604,0
0.0176925126810913,AILTELK,False,1.4034580392398284,-0.9268379300825604,0
0.0275546853823183,AILTELK,False,1.4034580392398284,-0.9268379300825604,0
0.0382643885500573,AILTELK,False,1.4034580392398284,-0.9268379300825604,0
0.0482036094755124,AILTELK,False,1.4034580392398284,-0.9268379300825604,0
0.0581428304009676,AILTELK,False,1.4034580392398284,-0.9268379300825604,0
0.1358844886473586,AILTELK,False,1.4034580392398284,-0.9268379300825604,0
0.3215707090376484,AILTELK,False,1.4034580392398284,-0.9268379300825604,0
0.3216477572618766,AILTELK,False,1.4034580392398284,-0.9268379300825604,0
0.8681508117134636,AILTLLR,False,2.539076381212532,-0.9268379300825604,0
0.8764720199301237,AILTLLR,False,2.539076381212532,-0.9268379300825604,0
0.8857948550617525,AILTLLR,False,2.539076381212532,-0.9268379300825604,0
0.8955029313145221,AILTLLR,False,2.539076381212532,-0.9268379300825604,0
1.042896184263329,AILTLLR,False,2.539076381212532,-0.9268379300825604,0
1.053220646309926,AILTLLR,False,2.539076381212532,-0.9268379300825604,0
1.0532976945341548,AILTLLR,False,2.539076381212532,-0.9268379300825604,0
1.477371120686916,ALFLVFGR,False,2.5411950721490477,1.816968047066735,0
1.4859234735762603,ALFLVFGR,False,2.5411950721490477,1.816968047066735,0
1.4860005218004892,ALFLVFGR,False,2.5411950721490477,1.816968047066735,0
1.4950922122594326,ALFLVFGR,False,2.5411950721490477,1.816968047066735,0
1.5065723976694547,ALFLVFGR,False,2.5411950721490477,1.816968047066735,0
1.953529146418032,ALFLVFGR,False,2.5411950721490477,1.816968047066735,0
1.9536061946422596,ALFLVFGR,False,2.5411950721490477,1.816968047066735,0
1.9902041011507192,ALFLVFGR,False,2.5411950721490477,1.816968047066735,0
0.9854182089889908,ALFLVFGRR,False,1.7123160957630847,1.5121007162723688,0
0.1577661843282064,ALFQDIK,False,0.759375994538892,0.6410511997170363,0
0.1669349230113784,ALFQDIK,False,0.759375994538892,0.6410511997170363,0
0.1751020347795816,ALFQDIK,False,0.759375994538892,0.6410511997170363,0
0.1941329461639805,ALFQDIK,False,0.759375994538892,0.6410511997170363,0
0.2022230097079561,ALFQDIK,False,0.759375994538892,0.6410511997170363,0
0.2023000579321843,ALFQDIK,False,0.759375994538892,0.6410511997170363,0
0.3097823307307131,ALFSSITDSEK,False,0.301738752251385,0.0709096979717287,0
0.3184117318442864,ALFSSITDSEK,False,0.301738752251385,0.0709096979717287,0
0.326964084733632,ALFSSITDSEK,False,0.301738752251385,0.0709096979717287,0
0.3270411329578602,ALFSSITDSEK,False,0.301738752251385,0.0709096979717287,0
0.3416802955612438,ALFSSITDSEK,False,0.301738752251385,0.0709096979717287,0
0.354085059662006,ALFSSITDSEK,False,0.301738752251385,0.0709096979717287,0
0.0529035511534409,ALGAMWK,False,1.11531607187362,0.6410511997170363,0
0.0529805993776691,ALGAMWK,False,1.11531607187362,0.6410511997170363,0
0.0569871070375425,ALGAMWK,False,1.11531607187362,0.6410511997170363,0
0.0653853634784313,ALGAMWK,False,1.11531607187362,0.6410511997170363,0
0.073090185901265,ALGAMWK,False,1.11531607187362,0.6410511997170363,0
-0.5374399428840688,ALGAMWK,True,1.11531607187362,0.6410511997170363,0
-0.5373628946598407,ALGAMWK,True,1.11531607187362,0.6410511997170363,0
-0.3015182802969044,ALGFEPR,False,0.1491930048222157,0.6410511997170363,0
-0.2915020111472205,ALGFEPR,False,0.1491930048222157,0.6410511997170363,0
-0.2834119476032452,ALGFEPR,False,0.1491930048222157,0.6410511997170363,0
-0.2739350160231601,ALGFEPR,False,0.1491930048222157,0.6410511997170363,0
-0.2562139244506428,ALGFEPR,False,0.1491930048222157,0.6410511997170363,0
-0.2561368762264144,ALGFEPR,False,0.1491930048222157,0.6410511997170363,0
-0.247353378664384,ALGFEPR,False,0.1491930048222157,0.6410511997170363,0
-0.122304110741795,ALGFEPR,False,0.1491930048222157,0.6410511997170363,0
-0.5170992116877882,ALKLLNR,False,0.6407293020939832,-0.9268379300825604,0
-0.509240292816498,ALKLLNR,False,0.6407293020939832,-0.9268379300825604,0
-0.5006108917029242,ALKLLNR,False,0.6407293020939832,-0.9268379300825604,0
-0.4903634778805555,ALKLLNR,False,0.6407293020939832,-0.9268379300825604,0
-0.4818111249912105,ALKLLNR,False,0.6407293020939832,-0.9268379300825604,0
-0.481734076766982,ALKLLNR,False,0.6407293020939832,-0.9268379300825604,0
1.1070003068213046,ALLFIPR,False,2.2170353588620637,0.6410511997170363,0
1.1070773550455333,ALLFIPR,False,2.2170353588620637,0.6410511997170363,0
1.1153215150379652,ALLFIPR,False,2.2170353588620637,0.6410511997170363,0
1.1256459770845622,ALLFIPR,False,2.2170353588620637,0.6410511997170363,0
1.1257230253087904,ALLFIPR,False,2.2170353588620637,0.6410511997170363,0
1.6412526936205862,ALLFIPR,False,2.2170353588620637,0.6410511997170363,0
1.6519623967883246,ALLFIPR,False,2.2170353588620637,0.6410511997170363,0
0.7169821957774682,ALLFVPR,False,2.1661867763856737,0.6410511997170363,0
0.7259197897879552,ALLFVPR,False,2.1661867763856737,0.6410511997170363,0
0.7346262391257578,ALLFVPR,False,2.1661867763856737,0.6410511997170363,0
0.8014270495317247,ALLFVPR,False,2.1661867763856737,0.6410511997170363,0
0.8462691160326158,ALLFVPR,False,2.1661867763856737,0.6410511997170363,0
0.8478100805171828,ALLFVPR,False,2.1661867763856737,0.6410511997170363,0
0.8478871287414114,ALLFVPR,False,2.1661867763856737,0.6410511997170363,0
1.3553267335092312,ALLFVPR,False,2.1661867763856737,0.6410511997170363,0
1.35540378173346,ALLFVPR,False,2.1661867763856737,0.6410511997170363,0
1.4225898332605689,ALLFVPR,False,2.1661867763856737,0.6410511997170363,0
1.432991343531394,ALLFVPR,False,2.1661867763856737,0.6410511997170363,0
1.435225742034016,ALLFVPR,False,2.1661867763856737,0.6410511997170363,0
1.4507124351039116,ALLFVPR,False,2.1661867763856737,0.6410511997170363,0
-0.0128185841133297,ALLQEQFR,False,0.0051220211391115,0.4450650584920873,0
-0.0034957489817008,ALLQEQFR,False,0.0051220211391115,0.4450650584920873,0
-0.0034187007574727,ALLQEQFR,False,0.0051220211391115,0.4450650584920873,0
0.0050566039076441,ALLQEQFR,False,0.0051220211391115,0.4450650584920873,0
0.0237793223951299,ALLQEQFR,False,0.0051220211391115,0.4450650584920873,0
0.0349513149082389,ALLQEQFR,False,0.0051220211391115,0.4450650584920873,0
0.5036356628892062,ALLQEQFR,False,0.0051220211391115,0.4450650584920873,0
0.5037127111134344,ALLQEQFR,False,0.0051220211391115,0.4450650584920873,0
-1.266007951187213,ALMERALR,True,0.5093704640299762,-0.9268379300825604,0
-1.257609694746325,ALMERALR,True,0.5093704640299762,-0.9268379300825604,0
-0.772745219677407,ALMERALR,False,0.5093704640299762,-0.9268379300825604,0
-0.7726681714531785,ALMERALR,False,0.5093704640299762,-0.9268379300825604,0
-0.7645781079092032,ALMERALR,False,0.5093704640299762,-0.9268379300825604,0
-0.7564109961409997,ALMERALR,False,0.5093704640299762,-0.9268379300825604,0
-0.142953034834989,ALPTLDPK,False,0.1385995501396347,-0.9268379300825604,0
-0.1428759866107606,ALPTLDPK,False,0.1385995501396347,-0.9268379300825604,0
-0.1340924890487303,ALPTLDPK,False,0.1385995501396347,-0.9268379300825604,0
-0.1257712808320699,ALPTLDPK,False,0.1385995501396347,-0.9268379300825604,0
-0.1256942326078418,ALPTLDPK,False,0.1385995501396347,-0.9268379300825604,0
-0.1081272374837811,ALPTLDPK,False,0.1385995501396347,-0.9268379300825604,0
-0.1080501892595526,ALPTLDPK,False,0.1385995501396347,-0.9268379300825604,0
-0.7073312773075497,ALQDAIR,False,0.4881835546648137,-0.9268379300825604,0
-0.7072542290833213,ALQDAIR,False,0.4881835546648137,-0.9268379300825604,0
-0.6990871173151177,ALQDAIR,False,0.4881835546648137,-0.9268379300825604,0
-0.6990100690908894,ALQDAIR,False,0.4881835546648137,-0.9268379300825604,0
-0.6909970537711422,ALQDAIR,False,0.4881835546648137,-0.9268379300825604,0
-0.6820594597606555,ALQDAIR,False,0.4881835546648137,-0.9268379300825604,0
-0.6751251195801053,ALQDAIR,False,0.4881835546648137,-0.9268379300825604,0
-0.6098652736587047,ALQDAIR,False,0.4881835546648137,-0.9268379300825604,0
-0.6010817760966743,ALQDAIR,False,0.4881835546648137,-0.9268379300825604,0
-0.5898327353593372,ALQDAIR,False,0.4881835546648137,-0.9268379300825604,0
0.2610108047941763,ALQIFCR,False,1.6746504791139067,0.6410511997170363,1
0.2693320130108363,ALQIFCR,False,1.6746504791139067,0.6410511997170363,1
0.2694090612350651,ALQIFCR,False,1.6746504791139067,0.6410511997170363,1
0.2773450283305833,ALQIFCR,False,1.6746504791139067,0.6410511997170363,1
0.9076765507425998,ALTDFFR,False,0.8441236319995417,2.208940329516634,0
0.907753598966828,ALTDFFR,False,0.8441236319995417,2.208940329516634,0
0.9173075787711418,ALTDFFR,False,0.8441236319995417,2.208940329516634,0
0.91738462699537,ALTDFFR,False,0.8441236319995417,2.208940329516634,0
0.9240878225032354,ALTDFFR,False,0.8441236319995417,2.208940329516634,0
0.9321778860472104,ALTDFFR,False,0.8441236319995417,2.208940329516634,0
1.015312919989585,ALTDFFR,False,0.8441236319995417,2.208940329516634,0
1.1380507411853245,ALTDFFR,False,0.8441236319995417,2.208940329516634,0
0.5652742422718747,ALVLELAK,False,2.1704241582587067,-0.9268379300825604,0
0.5653512904961034,ALVLELAK,False,2.1704241582587067,-0.9268379300825604,0
0.566044724514158,ALVLELAK,False,2.1704241582587067,-0.9268379300825604,0
0.5661217727383867,ALVLELAK,False,2.1704241582587067,-0.9268379300825604,0
0.5739036433854485,ALVLELAK,False,2.1704241582587067,-0.9268379300825604,0
0.5849215394501006,ALVLELAK,False,2.1704241582587067,-0.9268379300825604,0
0.5944755192544139,ALVLELAK,False,2.1704241582587067,-0.9268379300825604,0
0.6203637225951352,ALVLELAK,False,2.1704241582587067,-0.9268379300825604,0
0.6299177023994484,ALVLELAK,False,2.1704241582587067,-0.9268379300825604,0
0.6410126466883292,ALVLELAK,False,2.1704241582587067,-0.9268379300825604,0
0.6518764463045245,ALVLELAK,False,2.1704241582587067,-0.9268379300825604,0
0.1388123211680356,ALVLELAK,False,2.1704241582587067,-0.9268379300825604,0
0.7273837060482935,ALVLELAK,False,2.1704241582587067,-0.9268379300825604,0
-0.3281769658799086,ALVTLQR,False,1.25091229181066,-0.9268379300825604,0
-0.3203180470086184,ALVTLQR,False,1.25091229181066,-0.9268379300825604,0
-0.3123050316888712,ALVTLQR,False,1.25091229181066,-0.9268379300825604,0
-1.061599012309438,ANDLDVR,False,-0.4609899848944605,-0.9268379300825604,0
-1.0615219640852098,ANDLDVR,False,-0.4609899848944605,-0.9268379300825604,0
-1.0533548523170062,ANDLDVR,False,-0.4609899848944605,-0.9268379300825604,0
-0.6259683525224269,ANTEVAQWR,False,-0.7397155480983747,0.2926313930949042,0
-0.6154127458031449,ANTEVAQWR,False,-0.7397155480983747,0.2926313930949042,0
-0.6063210553442013,ANTEVAQWR,False,-0.7397155480983747,0.2926313930949042,0
-0.6062440071199728,ANTEVAQWR,False,-0.7397155480983747,0.2926313930949042,0
-0.6018522583389578,ANTEVAQWR,False,-0.7397155480983747,0.2926313930949042,0
-0.597537557782171,ANTEVAQWR,False,-0.7397155480983747,0.2926313930949042,0
-0.588831108444369,ANTEVAQWR,False,-0.7397155480983747,0.2926313930949042,0
-0.5788918875189136,ANTEVAQWR,False,-0.7397155480983747,0.2926313930949042,0
-0.5788148392946855,ANTEVAQWR,False,-0.7397155480983747,0.2926313930949042,0
-0.5698001970599701,ANTEVAQWR,False,-0.7397155480983747,0.2926313930949042,0
-0.5591675421164596,ANTEVAQWR,False,-0.7397155480983747,0.2926313930949042,0
-0.5379022322294389,ANTEVAQWR,False,-0.7397155480983747,0.2926313930949042,0
-0.5288875899947235,ANTEVAQWR,False,-0.7397155480983747,0.2926313930949042,0
-0.4957568535765391,ANTEVAQWR,False,-0.7397155480983747,0.2926313930949042,0
-0.9376284195260458,APNVVVTR,False,1.0284497434764548,-0.9268379300825604,0
-0.9375513713018172,APNVVVTR,False,1.0284497434764548,-0.9268379300825604,0
-0.9269187163583068,APNVVVTR,False,1.0284497434764548,-0.9268379300825604,0
-0.9178270258993634,APNVVVTR,False,1.0284497434764548,-0.9268379300825604,0
-0.8898585205044774,APNVVVTR,False,1.0284497434764548,-0.9268379300825604,0
-0.8897814722802491,APNVVVTR,False,1.0284497434764548,-0.9268379300825604,0
0.210698314373073,APSFWYK,False,-0.2406461274967718,3.776829459316231,0
0.2186342814685918,APSFWYK,False,-0.2406461274967718,3.776829459316231,0
0.2281112130486769,APSFWYK,False,-0.2406461274967718,3.776829459316231,0
0.2372799517318488,APSFWYK,False,-0.2406461274967718,3.776829459316231,0
0.237356999956077,APSFWYK,False,-0.2406461274967718,3.776829459316231,0
0.2523043554563744,APSFWYK,False,-0.2406461274967718,3.776829459316231,0
0.2899038888798023,APSFWYK,False,-0.2406461274967718,3.776829459316231,0
0.298071000648006,APSFWYK,False,-0.2406461274967718,3.776829459316231,0
0.307702028676548,APSFWYK,False,-0.2406461274967718,3.776829459316231,0
-0.5356678337268171,AQTLELER,False,-0.5139572583073665,-0.9268379300825604,0
-0.9147450969302298,AQTLELERR,False,-1.0033748646426175,-0.9268379300825604,0
-0.906500936937798,AQTLELERR,False,-1.0033748646426175,-0.9268379300825604,0
-0.8983338251695944,AQTLELERR,False,-1.0033748646426175,-0.9268379300825604,0
-0.898256776945366,AQTLELERR,False,-1.0033748646426175,-0.9268379300825604,0
-0.9143598558090882,AQTLELERR,False,-1.0033748646426175,-0.9268379300825604,0
-0.9042665384351763,AQTLELERR,False,-1.0033748646426175,-0.9268379300825604,0
-0.8939420763885794,AQTLELERR,False,-1.0033748646426175,-0.9268379300825604,0
-0.8938650281643509,AQTLELERR,False,-1.0033748646426175,-0.9268379300825604,0
0.609114681857798,ASDLLSGYYIK,False,0.6253206407375013,1.068657326026018,0
0.6196702885770802,ASDLLSGYYIK,False,0.6253206407375013,1.068657326026018,0
0.6282996896906534,ASDLLSGYYIK,False,0.6253206407375013,1.068657326026018,0
0.6390093928583923,ASDLLSGYYIK,False,0.6253206407375013,1.068657326026018,0
-0.9072714191800814,ASSFHEFAR,False,-0.0542013250833429,1.5121007162723688,0
-0.8975633429273109,ASSFHEFAR,False,-0.0542013250833429,1.5121007162723688,0
-0.8509491672691679,ASSFHEFAR,False,-0.0542013250833429,1.5121007162723688,0
-0.8418574768102242,ASSFHEFAR,False,-0.0542013250833429,1.5121007162723688,0
-0.831918255884769,ASSFHEFAR,False,-0.0542013250833429,1.5121007162723688,0
-0.8226724689773686,ASSFHEFAR,False,-0.0542013250833429,1.5121007162723688,0
-0.8122709587065431,ASSFHEFAR,False,-0.0542013250833429,1.5121007162723688,0
-0.7747484735073437,ASSFHEFAR,False,-0.0542013250833429,1.5121007162723688,0
-0.7746714252831152,ASSFHEFAR,False,-0.0542013250833429,1.5121007162723688,0
-0.7658879277210848,ASSFHEFAR,False,-0.0542013250833429,1.5121007162723688,0
-0.7556405138987162,ASSFHEFAR,False,-0.0542013250833429,1.5121007162723688,0
-0.7354538791508922,ASSFHEFAR,False,-0.0542013250833429,1.5121007162723688,0
-0.7257458028981221,ASSFHEFAR,False,-0.0542013250833429,1.5121007162723688,0
-0.7146508586092415,ASSFHEFAR,False,-0.0542013250833429,1.5121007162723688,0
-0.7145738103850131,ASSFHEFAR,False,-0.0542013250833429,1.5121007162723688,0
-1.278952052857574,ATLDDPR,False,-0.9694758096583572,-0.9268379300825604,0
-1.2788750046333457,ATLDDPR,False,-0.9694758096583572,-0.9268379300825604,0
-1.269321024829032,ATLDDPR,False,-0.9694758096583572,-0.9268379300825604,0
-1.2608457201639147,ATLDDPR,False,-0.9694758096583572,-0.9268379300825604,0
-1.253063849516853,ATLDDPR,False,-0.9694758096583572,-0.9268379300825604,0
-1.2529868012926244,ATLDDPR,False,-0.9694758096583572,-0.9268379300825604,0
-1.2445114966275077,ATLDDPR,False,-0.9694758096583572,-0.9268379300825604,0
0.5357647723924225,ATWLLSPEK,False,0.1567261281520515,0.2926313930949042,0
0.5358418206166506,ATWLLSPEK,False,0.1567261281520515,0.2926313930949042,0
0.5435466430394843,ATWLLSPEK,False,0.1567261281520515,0.2926313930949042,0
0.5436236912637125,ATWLLSPEK,False,0.1567261281520515,0.2926313930949042,0
0.5532547192922544,ATWLLSPEK,False,0.1567261281520515,0.2926313930949042,0
0.5621152650785132,ATWLLSPEK,False,0.1567261281520515,0.2926313930949042,0
0.5731331611431654,ATWLLSPEK,False,0.1567261281520515,0.2926313930949042,0
0.5833805749655342,ATWLLSPEK,False,0.1567261281520515,0.2926313930949042,0
0.5948607603755558,ATWLLSPEK,False,0.1567261281520515,0.2926313930949042,0
0.605955704664436,ATWLLSPEK,False,0.1567261281520515,0.2926313930949042,0
-0.2667695311699248,AVDLIQK,False,0.9966693794287108,-0.9268379300825604,0
-0.2576007924867526,AVDLIQK,False,0.9966693794287108,-0.9268379300825604,0
-0.034931424466862,AVDMDLEWR,True,-0.1332991200466158,0.2926313930949042,0
-0.025531541111005,AVDMDLEWR,True,-0.1332991200466158,0.2926313930949042,0
-0.0254544928867769,AVDMDLEWR,True,-0.1332991200466158,0.2926313930949042,0
-0.0024941220667326,AVDMDLEWR,True,-0.1332991200466158,0.2926313930949042,0
0.0071369059618093,AVDMDLEWR,True,-0.1332991200466158,0.2926313930949042,0
0.0159204035238399,AVDMDLEWR,True,-0.1332991200466158,0.2926313930949042,0
0.0159974517480681,AVDMDLEWR,True,-0.1332991200466158,0.2926313930949042,0
0.5671233996533549,AVDMDLEWR,False,-0.1332991200466158,0.2926313930949042,0
0.575906897215385,AVDMDLEWR,False,-0.1332991200466158,0.2926313930949042,0
0.5858461181408406,AVDMDLEWR,False,-0.1332991200466158,0.2926313930949042,0
0.5859231663650688,AVDMDLEWR,False,-0.1332991200466158,0.2926313930949042,0
0.5245927798793135,AVDMDLEWR,False,-0.1332991200466158,0.2926313930949042,0
-1.1518224828808197,AVEESLR,False,-0.0033527426069531,-0.9268379300825604,0
-1.142730792421876,AVEESLR,False,-0.0033527426069531,-0.9268379300825604,0
-1.132868619720649,AVEESLR,False,-0.0033527426069531,-0.9268379300825604,0
-1.1327915714964203,AVEESLR,False,-0.0033527426069531,-0.9268379300825604,0
-1.0717693779075788,AVEESLR,False,-0.0033527426069531,-0.9268379300825604,0
-1.0634481696909184,AVEESLR,False,-0.0033527426069531,-0.9268379300825604,0
-1.06337112146669,AVEESLR,False,-0.0033527426069531,-0.9268379300825604,0
-0.7695862424840448,AVLAGLRR,False,1.3102356380331142,-0.9268379300825604,0
-0.3958253067523876,AVSNPFQQR,False,-0.7133496164439502,0.2926313930949042,0
-0.3874270503114988,AVSNPFQQR,False,-0.7133496164439502,0.2926313930949042,0
-0.3787976491979253,AVSNPFQQR,False,-0.7133496164439502,0.2926313930949042,0
-0.3692436693936115,AVSNPFQQR,False,-0.7133496164439502,0.2926313930949042,0
-0.3691666211693833,AVSNPFQQR,False,-0.7133496164439502,0.2926313930949042,0
0.5322205540779185,AWFLESK,False,0.3017387522513852,2.208940329516634,0
0.5322976023021472,AWFLESK,False,0.3017387522513852,2.208940329516634,0
0.5402335693976659,AWFLESK,False,0.3017387522513852,2.208940329516634,0
0.5494793563050661,AWFLESK,False,0.3017387522513852,2.208940329516634,0
0.5588021914366949,AWFLESK,False,0.3017387522513852,2.208940329516634,0
0.5681250265683231,AWFLESK,False,0.3017387522513852,2.208940329516634,0
0.7817027041292707,AWFLESK,False,0.3017387522513852,2.208940329516634,0
1.3423826318388707,AWFLESK,False,0.3017387522513852,2.208940329516634,0
1.3424596800630997,AWFLESK,False,0.3017387522513852,2.208940329516634,0
-0.5168680670151031,AWNTNLR,False,-0.8508291172134482,0.6410511997170363,0
-0.5076993283319312,AWNTNLR,False,-0.8508291172134482,0.6410511997170363,0
-0.5076222801077028,AWNTNLR,False,-0.8508291172134482,0.6410511997170363,0
-0.4986846860972158,AWNTNLR,False,-0.8508291172134482,0.6410511997170363,0
-0.4986076378729877,AWNTNLR,False,-0.8508291172134482,0.6410511997170363,0
-0.4889766098444457,AWNTNLR,False,-0.8508291172134482,0.6410511997170363,0
-0.4888995616202172,AWNTNLR,False,-0.8508291172134482,0.6410511997170363,0
-0.4552294876324343,AWNTNLR,False,-0.8508291172134482,0.6410511997170363,0
-0.4460607489492624,AWNTNLR,False,-0.8508291172134482,0.6410511997170363,0
-0.2910397218018505,AWSVVGR,False,1.0305684344129706,0.6410511997170363,0
-0.2815627902217654,AWSVVGR,False,1.0305684344129706,0.6410511997170363,0
-0.2722399550901365,AWSVVGR,False,1.0305684344129706,0.6410511997170363,0
-0.247584523337069,AWSVVGR,False,1.0305684344129706,0.6410511997170363,0
0.8250038061455953,AWSVVGR,False,1.0305684344129706,0.6410511997170363,0
-0.3222442526143266,AYADFYR,False,-0.2914947099731614,3.776829459316231,0
-0.3221672043900982,AYADFYR,False,-0.2914947099731614,3.776829459316231,0
-0.3140771408461232,AYADFYR,False,-0.2914947099731614,3.776829459316231,0
-0.3052165950598644,AYADFYR,False,-0.2914947099731614,3.776829459316231,0
-0.305139546835636,AYADFYR,False,-0.2914947099731614,3.776829459316231,0
-0.2953544223586374,AYADFYR,False,-0.2914947099731614,3.776829459316231,0
-0.1437235170772723,AYADFYR,False,-0.2914947099731614,3.776829459316231,0
-0.1436464688530438,AYADFYR,False,-0.2914947099731614,3.776829459316231,0
0.0661558457207145,AYADFYR,False,-0.2914947099731614,3.776829459316231,0
-0.2597581427651462,AYADFYR,False,-0.2914947099731614,3.776829459316231,0
0.147981059851207,AYASLFR,False,1.0305684344129706,2.208940329516634,0
0.1480581080754358,AYASLFR,False,1.0305684344129706,2.208940329516634,0
0.1561481716194113,AYASLFR,False,1.0305684344129706,2.208940329516634,0
0.1650857656298983,AYASLFR,False,1.0305684344129706,2.208940329516634,0
0.1980624055996258,AYASLFR,False,1.0305684344129706,2.208940329516634,0
0.315560947547838,AYASLFR,False,1.0305684344129706,2.208940329516634,0
0.7596669119999665,AYLFQLR,False,0.9119217419680612,2.208940329516634,0
0.7693749882527366,AYLFQLR,False,0.9119217419680612,2.208940329516634,0
0.7783125822632236,AYLFQLR,False,0.9119217419680612,2.208940329516634,0
0.7874042727221674,AYLFQLR,False,0.9119217419680612,2.208940329516634,0
0.9636135615323717,AYLFQLR,False,0.9119217419680612,2.208940329516634,0
0.9730904931124572,AYLFQLR,False,0.9119217419680612,2.208940329516634,0
1.0214767779278515,AYLFQLR,False,0.9119217419680612,2.208940329516634,0
1.178886300026342,AYLFQLR,False,0.9119217419680612,2.208940329516634,0
-1.2148479302995985,AYQEDLK,False,-1.2915168320088255,0.6410511997170363,0
-1.1790205060334222,AYQEDLK,False,-1.2915168320088255,0.6410511997170363,0
-1.1690042368837383,AYQEDLK,False,-1.2915168320088255,0.6410511997170363,0
-1.1602207393217083,AYQEDLK,False,-1.2915168320088255,0.6410511997170363,0
-1.1517454346565914,AYQEDLK,False,-1.2915168320088255,0.6410511997170363,0
-1.151668386432363,AYQEDLK,False,-1.2915168320088255,0.6410511997170363,0
-1.1164573479600133,AYQEDLK,False,-1.2915168320088255,0.6410511997170363,0
-1.107442705725298,AYQEDLK,False,-1.2915168320088255,0.6410511997170363,0
-1.1073656575010695,AYQEDLK,False,-1.2915168320088255,0.6410511997170363,0
-1.097965774145213,AYQEDLK,False,-1.2915168320088255,0.6410511997170363,0
-1.0978887259209844,AYQEDLK,False,-1.2915168320088255,0.6410511997170363,0
-0.7587224428678496,AYQEDLK,False,-1.2915168320088255,0.6410511997170363,0
-0.7361473131689472,CDPDYLR,False,-0.9525262821662276,0.6410511997170363,1
-0.7264392369161768,CDPDYLR,False,-0.9525262821662276,0.6410511997170363,1
-0.7263621886919487,CDPDYLR,False,-0.9525262821662276,0.6410511997170363,1
-0.7167311606634067,CDPDYLR,False,-0.9525262821662276,0.6410511997170363,1
-0.7081788077740613,CDPDYLR,False,-0.9525262821662276,0.6410511997170363,1
-0.7081017595498329,CDPDYLR,False,-0.9525262821662276,0.6410511997170363,1
-0.273241582005105,CFEEDFR,False,-0.7491319522606689,2.208940329516634,1
-0.2632253128554214,CFEEDFR,False,-0.7491319522606689,2.208940329516634,1
-0.2543647670691626,CFEEDFR,False,-0.7491319522606689,2.208940329516634,1
-0.2542877188449345,CFEEDFR,False,-0.7491319522606689,2.208940329516634,1
-0.2421140994168573,CFEEDFR,False,-0.7491319522606689,2.208940329516634,1
-0.66703505603613,CFICDSR,False,1.0136189069208408,0.6410511997170363,2
-0.656941738662218,CFICDSR,False,1.0136189069208408,0.6410511997170363,2
0.0141482943665879,CGFNINVR,False,0.7318330123641812,0.4450650584920873,1
0.0236252259466736,CGFNINVR,False,0.7318330123641812,0.4450650584920873,1
0.0237022741709018,CGFNINVR,False,0.7318330123641812,0.4450650584920873,1
0.0356447489262939,CGFNINVR,False,0.7318330123641812,0.4450650584920873,1
0.0465855967667173,CGFNINVR,False,0.7318330123641812,0.4450650584920873,1
-0.5104730644041514,CLIPNETK,False,0.0644453673615666,-0.9268379300825604,1
-0.5021518561874911,CLIPNETK,False,0.0644453673615666,-0.9268379300825604,1
-0.4925978763831775,CLIPNETK,False,0.0644453673615666,-0.9268379300825604,1
0.921005893534102,CVFWNFR,False,0.9966693794287108,3.776829459316231,1
0.9210829417583304,CVFWNFR,False,0.9966693794287108,3.776829459316231,1
0.929943487544589,CVFWNFR,False,0.9966693794287108,3.776829459316231,1
0.9398827084700442,CVFWNFR,False,0.9966693794287108,3.776829459316231,1
0.9399597566942728,CVFWNFR,False,0.9966693794287108,3.776829459316231,1
0.9490514471532157,CVFWNFR,False,0.9966693794287108,3.776829459316231,1
0.9491284953774444,CVFWNFR,False,0.9966693794287108,3.776829459316231,1
-0.2562909726748712,CYIVATVDR,False,1.369558984255569,0.2926313930949042,1
-0.247815668009754,CYIVATVDR,False,1.369558984255569,0.2926313930949042,1
-0.2384928328781255,CYIVATVDR,False,1.369558984255569,0.2926313930949042,1
-0.2069801091687362,CYIVATVDR,False,1.369558984255569,0.2926313930949042,1
-0.1898754033900455,CYIVATVDR,False,1.369558984255569,0.2926313930949042,1
-0.1897983551658171,CYIVATVDR,False,1.369558984255569,0.2926313930949042,1
-0.2270126474681034,CYIVATVDR,False,1.369558984255569,0.2926313930949042,1
-0.2177668605607032,CYIVATVDR,False,1.369558984255569,0.2926313930949042,1
-1.291819106303706,CYQQIDR,False,-1.1559206120717866,0.6410511997170363,1
-1.2917420580794778,CYQQIDR,False,-1.1559206120717866,0.6410511997170363,1
-1.089259324807411,DAINVEK,False,-0.2406461274967718,-0.9268379300825604,0
-1.0809381165907506,DAINVEK,False,-0.2406461274967718,-0.9268379300825604,0
-0.9843196434084172,DAINVEK,False,-0.2406461274967718,-0.9268379300825604,0
1.4772170242384586,DAINVEK,False,-0.2406461274967718,-0.9268379300825604,0
0.6229833622188985,DAIPENLPPLTADFAEDK,False,-0.2453543295779191,-0.3171032684938287,0
0.6327684866958974,DAIPENLPPLTADFAEDK,False,-0.2453543295779191,-0.3171032684938287,0
0.6470994564023679,DAIPENLPPLTADFAEDK,False,-0.2453543295779191,-0.3171032684938287,0
0.6576550631216493,DAIPENLPPLTADFAEDK,False,-0.2453543295779191,-0.3171032684938287,0
-0.5130927040279147,DALEIYKR,False,-0.5584497679742075,0.4450650584920873,0
-0.5050026404839395,DALEIYKR,False,-0.5584497679742075,0.4450650584920873,0
-0.496835528715736,DALEIYKR,False,-0.5584497679742075,0.4450650584920873,0
-0.4873585971356506,DALEIYKR,False,-0.5584497679742075,0.4450650584920873,0
-0.4790373889189903,DALEIYKR,False,-0.5584497679742075,0.4450650584920873,0
-0.4789603406947618,DALEIYKR,False,-0.5584497679742075,0.4450650584920873,0
-0.4471394240884591,DALEIYKR,False,-0.5584497679742075,0.4450650584920873,0
-0.4394346016656253,DALEIYKR,False,-0.5584497679742075,0.4450650584920873,0
-0.4393575534413972,DALEIYKR,False,-0.5584497679742075,0.4450650584920873,0
-0.4304199594309102,DALEIYKR,False,-0.5584497679742075,0.4450650584920873,0
-0.4303429112066818,DALEIYKR,False,-0.5584497679742075,0.4450650584920873,0
-0.4209430278508249,DALEIYKR,False,-0.5584497679742075,0.4450650584920873,0
-0.5924523749831009,DDEQHLLER,False,-1.899816540893043,-0.9268379300825604,0
-0.5804328520034803,DDEQHLLER,False,-1.899816540893043,-0.9268379300825604,0
-0.5732673671502451,DDEQHLLER,False,-1.899816540893043,-0.9268379300825604,0
-0.5731903189260169,DDEQHLLER,False,-1.899816540893043,-0.9268379300825604,0
-0.5628658568794198,DDEQHLLER,False,-1.899816540893043,-0.9268379300825604,0
-0.5627888086551914,DDEQHLLER,False,-1.899816540893043,-0.9268379300825604,0
-0.432885502606217,DDEQHLLER,False,-1.899816540893043,-0.9268379300825604,0
-0.7675829886541083,DDEQHLLER,False,-1.899816540893043,-0.9268379300825604,0
0.0391889672407973,DDIPGLPR,False,-0.5881114410854349,-0.9268379300825604,0
0.0495134292873944,DDIPGLPR,False,-0.5881114410854349,-0.9268379300825604,0
0.0587592161947945,DDIPGLPR,False,-0.5881114410854349,-0.9268379300825604,0
0.0588362644190226,DDIPGLPR,False,-0.5881114410854349,-0.9268379300825604,0
0.0668492797387695,DDIPGLPR,False,-0.5881114410854349,-0.9268379300825604,0
0.6856235685165358,DDLFLGVK,False,0.909803051031545,0.4450650584920873,0
0.6950234518723928,DDLFLGVK,False,0.909803051031545,0.4450650584920873,0
0.7045774316767066,DDLFLGVK,False,0.909803051031545,0.4450650584920873,0
0.7046544799009348,DDLFLGVK,False,0.909803051031545,0.4450650584920873,0
0.7128986398933667,DDLFLGVK,False,0.909803051031545,0.4450650584920873,0
0.7216821374553968,DDLFLGVK,False,0.909803051031545,0.4450650584920873,0
0.7304656350174269,DDLFLGVK,False,0.909803051031545,0.4450650584920873,0
0.7393261808036856,DDLFLGVK,False,0.909803051031545,0.4450650584920873,0
0.7394032290279138,DDLFLGVK,False,0.909803051031545,0.4450650584920873,0
0.7496506428502833,DDLFLGVK,False,0.909803051031545,0.4450650584920873,0
0.8561312887338428,DDLFLGVK,False,0.909803051031545,0.4450650584920873,0
0.8642213522778184,DDLFLGVK,False,0.909803051031545,0.4450650584920873,0
0.8810178651595958,DDLFLGVK,False,0.909803051031545,0.4450650584920873,0
0.8893390733762558,DDLFLGVK,False,0.909803051031545,0.4450650584920873,0
0.889416121600484,DDLFLGVK,False,0.909803051031545,0.4450650584920873,0
0.9018208857012462,DDLFLGVK,False,0.909803051031545,0.4450650584920873,0
0.9112978172813314,DDLFLGVK,False,0.909803051031545,0.4450650584920873,0
0.9257828834362588,DDLFLGVK,False,0.909803051031545,0.4450650584920873,0
0.9258599316604867,DDLFLGVK,False,0.909803051031545,0.4450650584920873,0
1.1594701475208016,DDLFLGVK,False,0.909803051031545,0.4450650584920873,0
1.1595471957450303,DDLFLGVK,False,0.909803051031545,0.4450650584920873,0
1.17064214003391,DDLFLGVK,False,0.909803051031545,0.4450650584920873,0
1.1707191882581387,DDLFLGVK,False,0.909803051031545,0.4450650584920873,0
1.1852813026372944,DDLFLGVK,False,0.909803051031545,0.4450650584920873,0
1.5772256192868388,DDLFLGVK,False,0.909803051031545,0.4450650584920873,0
1.577302667511067,DDLFLGVK,False,0.909803051031545,0.4450650584920873,0
1.587627129557664,DDLFLGVK,False,0.909803051031545,0.4450650584920873,0
0.1863510755169187,DENFILK,False,-0.1389489625439924,0.6410511997170363,0
0.200604996999161,DENFILK,False,-0.1389489625439924,0.6410511997170363,0
0.2085409640946797,DENFILK,False,-0.1389489625439924,0.6410511997170363,0
0.2086180123189079,DENFILK,False,-0.1389489625439924,0.6410511997170363,0
0.2158605453963716,DENFILK,False,-0.1389489625439924,0.6410511997170363,0
0.2159375936205997,DENFILK,False,-0.1389489625439924,0.6410511997170363,0
0.226185007442968,DENFILK,False,-0.1389489625439924,0.6410511997170363,0
